;Dénomination sociale;Sigle, Enseigne, Nom commercial;RCS;Siren;Code NAF;Numéro d'immatriculation;Statut;Forme juridique;Adresse;Adresse_bis;Adresse_bis_bis;mandataire;Nom d'usage;Prénom;Site Web
0;BDC STRATEGIES;;ANGERS;813413614;Autres activités auxiliaires de services financiers, hors assurance et caisses de retraite, n.c.a. (6619B);15005535;Personne morale;Société par Actions Simplifiée;21 Rue Paul Bert;;49100 Angers cedex 01;[{'categ': 'Intermédiaire en opérations de banque et services de paiement', 'sub_categ': 'Courtier en opérations de banque et en services de paiement (COBSP)', 'type': 'Supprimé', 'date': '03-03-2017'}];;;
1;;;;502238884;Autres intermédiaires du commerce en produits divers (4619B);15005559;Personne physique;Profession libérale et autre;3253 Route de Saint Blaise;;06670 Levens;"[{'categ': 'Intermédiaire en opérations de banque et services de paiement ( Fabien RAMEAU )', 'sub_categ': ""Mandataire d'intermédiaire en opérations de banque et en services de paiement (MIOBSP)"", 'type': 'Inscrit', 'date': '30-08-2019'}, {'categ': 'Intermédiaire en opérations de banque et services de paiement ( Fabien RAMEAU )', 'sub_categ': 'Mandataire non exclusif en opérations de banque et en services de paiement (MOBSP)', 'type': 'Supprimé', 'date': '12-03-2019'}, {'categ': 'Intermédiaire en opérations de banque et services de paiement ( Fabien RAMEAU )', 'sub_categ': ""Mandataire d'intermédiaire d'assurance (MIA)"", 'type': 'Supprimé', 'date': '12-03-2019'}]";RAMEAU;Fabien;
2;ARGJAM;EURONAUTIC YACHTING ET LOISIRS;NIMES;484085410;Location et location-bail d'articles de loisirs et de sport (7721Z);16001607;Personne morale;Société à Responsabilité Limitée;Quai d'Honneur;Le Grand Pavois;30240 Le Grau-du-Roi;"[{'categ': 'Intermédiaire en opérations de banque et services de paiement ( Julien ARGOUD )', 'sub_categ': 'Mandataire non exclusif en opérations de banque et en services de paiement (MOBSP)', 'type': 'Inscrit', 'date': '20-03-2020'}, {'categ': 'Intermédiaire en opérations de banque et services de paiement ( Julien ARGOUD )', 'sub_categ': ""Mandataire d'intermédiaire d'assurance (MIA)"", 'type': 'Supprimé', 'date': '02-03-2018'}]";;;
3;ALVES EFG;;PARIS;338447675;Services funéraires (9603Z);15005212;Personne morale;Société par Actions Simplifiée;18 RUE BELGRAND;;75020 PARIS;"[{'categ': 'Intermédiaire en assurance ( Fernando ALVES )', 'sub_categ': ""Mandataire d'intermédiaire d'assurance (MIA)"", 'type': 'Inscrit', 'date': '29-11-2007'}]";;;
4;;;;481776227;Conseil pour les affaires et autres conseils de gestion (7022Z);15005545;Personne physique;Profession libérale et autre;123 Impasse Paul Eluard;;34790 Grabels;"[{'categ': 'Intermédiaire en opérations de banque et services de paiement', 'sub_categ': ""Mandataire d'intermédiaire en opérations de banque et en services de paiement (MIOBSP)"", 'type': 'Supprimé', 'date': '08-09-2017'}, {'categ': 'Intermédiaire en opérations de banque et services de paiement', 'sub_categ': ""Mandataire d'intermédiaire d'assurance (MIA)"", 'type': 'Supprimé', 'date': '08-09-2017'}]";JEAN;Martine;
5;;;TOULON;813498318;Activités des agents et courtiers d'assurances (6622Z);15005546;Personne physique;Commerçant;Hameau de la Madrague 3;;83270 Saint-Cyr-sur-Mer;"[{'categ': 'Intermédiaire en assurance', 'sub_categ': ""Courtier d'assurance ou de réassurance (COA)"", 'type': 'Supprimé', 'date': '13-01-2017'}]";JIMENEZ GONZALEZ;Robert;
6;;;CHARTRES;522817287;Conseil pour les affaires et autres conseils de gestion (7022Z);16002438;Personne physique;Commerçant;8 Place Gambetta;;28220 Cloyes-sur-le-Loir;"[{'categ': 'Intermédiaire en assurance', 'sub_categ': ""Courtier d'assurance ou de réassurance (COA)"", 'type': 'Supprimé', 'date': '03-03-2017'}]";MARTIGUE;STEPHANE;
7;;;LYON;813675550;Autres intermédiations monétaires (6419Z);15005544;Personne physique;Commerçant;15 Rue Santos Dumont;;69008 LYON;"[{'categ': 'Intermédiaire en opérations de banque et services de paiement ( Romain MEJEAN )', 'sub_categ': ""Mandataire d'intermédiaire en opérations de banque et en services de paiement (MIOBSP)"", 'type': 'Inscrit', 'date': '16-10-2015'}, {'categ': 'Intermédiaire en opérations de banque et services de paiement ( Romain MEJEAN )', 'sub_categ': ""Mandataire d'intermédiaire d'assurance (MIA)"", 'type': 'Inscrit', 'date': '16-10-2015'}]";MEJEAN;Romain;
8;;;BORDEAUX;813145323;Activités des agents et courtiers d'assurances (6622Z);15005541;Personne physique;Profession libérale et autre;5 Rue des Libellules;Residence Florus Apt 41;33270 Floirac;"[{'categ': 'Intermédiaire en assurance', 'sub_categ': ""Mandataire d'intermédiaire d'assurance (MIA)"", 'type': 'Supprimé', 'date': '03-03-2017'}]";Ly;Alioune;
9;EFISCO FINANCES CONSEIL PATRIMOINE;EFISCO FINANCES;FREJUS;813686623;Activités des agents et courtiers d'assurances (6622Z);15005542;Personne morale;Société à Responsabilité Limitée;254 Chemin de la Beilesse;;83600 Les Adrets-de-l'Estérel;"[{'categ': 'Intermédiaire en opérations de banque et services de paiement ( Valeria TUCK )', 'sub_categ': 'Courtier en opérations de banque et en services de paiement (COBSP)', 'type': 'Inscrit', 'date': '16-10-2015'}, {'categ': 'Intermédiaire en opérations de banque et services de paiement ( Valeria TUCK )', 'sub_categ': ""Courtier d'assurance ou de réassurance (COA)"", 'type': 'Inscrit', 'date': '16-10-2015'}, {'categ': 'Intermédiaire en opérations de banque et services de paiement ( Valeria TUCK )', 'sub_categ': 'Conseiller en investissement financier (CIF)', 'type': 'Inscrit', 'date': '11-01-2019'}]";;;
10;O'GORMAN GESTION PRIVEE;OGP PARTNERS;BRIEY;813789773;Conseil pour les affaires et autres conseils de gestion (7022Z);15005681;Personne morale;Société par Actions Simplifiée;3 Avenue Gormann;;54260 Longuyon;"[{'categ': 'Intermédiaire en assurance', 'sub_categ': ""Courtier d'assurance ou de réassurance (COA)"", 'type': 'Supprimé', 'date': '02-03-2018'}, {'categ': 'Intermédiaire en assurance', 'sub_categ': 'Conseiller en investissement financier (CIF)', 'type': 'Supprimé', 'date': '27-01-2017'}]";;;
11;AREMAL CONSEIL;VOUSFINANCER.COM;LA ROCHE SUR YON;813600517;Autres activités auxiliaires de services financiers, hors assurance et caisses de retraite, n.c.a. (6619B);15005540;Personne morale;Société à Responsabilité Limitée;16 PLACE ALBERT EINSTEIN;;85300 Challans;"[{'categ': 'Intermédiaire en opérations de banque et services de paiement ( Tristan MARES )', 'sub_categ': 'Courtier en opérations de banque et en services de paiement (COBSP)', 'type': 'Inscrit', 'date': '16-10-2015'}, {'categ': 'Intermédiaire en opérations de banque et services de paiement ( Tristan MARES )', 'sub_categ': ""Mandataire d'intermédiaire en opérations de banque et en services de paiement (MIOBSP)"", 'type': 'Inscrit', 'date': '01-12-2017'}, {'categ': 'Intermédiaire en opérations de banque et services de paiement ( Tristan MARES )', 'sub_categ': ""Courtier d'assurance ou de réassurance (COA)"", 'type': 'Inscrit', 'date': '19-02-2016'}, {'categ': 'Intermédiaire en opérations de banque et services de paiement ( Tristan MARES )', 'sub_categ': ""Mandataire d'intermédiaire d'assurance (MIA)"", 'type': 'Inscrit', 'date': '16-12-2016'}]";;;
12;;;;813841004;Autres activités auxiliaires de services financiers, hors assurance et caisses de retraite, n.c.a. (6619B);15006171;Personne physique;Profession libérale et autre;44 Rue du Marechal Gallieni;;76600 Le Havre;"[{'categ': 'Intermédiaire en opérations de banque et services de paiement ( NAILA ANGELY )', 'sub_categ': ""Mandataire d'intermédiaire en opérations de banque et en services de paiement (MIOBSP)"", 'type': 'Inscrit', 'date': '27-11-2015'}, {'categ': 'Intermédiaire en opérations de banque et services de paiement ( NAILA ANGELY )', 'sub_categ': ""Mandataire d'intermédiaire d'assurance (MIA)"", 'type': 'Inscrit', 'date': '27-11-2015'}]";ANGELY;NAILA;
13;;;BORDEAUX;532418050;Autres activités auxiliaires de services financiers, hors assurance et caisses de retraite, n.c.a. (6619B);15005679;Personne physique;Profession libérale et autre;Rue Michel Labarthe;21 Résidence Marzac;33510 La Teste-de-Buch;[{'categ': 'Intermédiaire en opérations de banque et services de paiement', 'sub_categ': 'Courtier en opérations de banque et en services de paiement (COBSP)', 'type': 'Supprimé', 'date': '02-03-2018'}];TEP;Phirom;
14;IZEHO;;LYON;813215589;Activités des agents et courtiers d'assurances (6622Z);15006176;Personne morale;Société par Actions Simplifiée;470 Route du Tilleul;Batiment Mercure;69270 Cailloux-sur-Fontaines;"[{'categ': 'Intermédiaire en assurance ( PATRICK REPETTO, Caroline MAGNARD )', 'sub_categ': ""Mandataire d'intermédiaire d'assurance (MIA)"", 'type': 'Supprimé', 'date': '27-11-2020'}, {'categ': 'Intermédiaire en assurance ( PATRICK REPETTO, Caroline MAGNARD )', 'sub_categ': ""Mandataire d'assurance (MA)"", 'type': 'Supprimé', 'date': '29-01-2021'}, {'categ': 'Intermédiaire en assurance ( PATRICK REPETTO, Caroline MAGNARD )', 'sub_categ': ""Courtier d'assurance ou de réassurance (COA)"", 'type': 'Inscrit', 'date': '27-11-2015'}]";;;
15;;;;813646098;Autres activités auxiliaires de services financiers, hors assurance et caisses de retraite, n.c.a. (6619B);15005781;Personne physique;Profession libérale et autre;27 RUE DELILLE;;06000 Nice;"[{'categ': 'Intermédiaire en opérations de banque et services de paiement', 'sub_categ': ""Mandataire d'intermédiaire en opérations de banque et en services de paiement (MIOBSP)"", 'type': 'Supprimé', 'date': '16-10-2020'}]";HURET;Fabrice;
16;;;ANTIBES;813622057;Autres activités auxiliaires de services financiers, hors assurance et caisses de retraite, n.c.a. (6619B);15005539;Personne physique;Commerçant;20 Avenue Ernest Gauthier;;06160 Antibes;"[{'categ': 'Intermédiaire en opérations de banque et services de paiement', 'sub_categ': ""Mandataire d'intermédiaire en opérations de banque et en services de paiement (MIOBSP)"", 'type': 'Supprimé', 'date': '16-02-2018'}]";RACANO;Damien;
17;CALCULUS INTERNATIONAL PATRIMOINE;;COLMAR;808457501;Supports juridiques de gestion de patrimoine mobilier (6619A);15005536;Personne morale;Société à Responsabilité Limitée;10 Place du Capitaine Dreyfus;;68000 Colmar;"[{'categ': 'Intermédiaire en opérations de banque et services de paiement ( Robert FISCHBACH )', 'sub_categ': 'Courtier en opérations de banque et en services de paiement (COBSP)', 'type': 'Inscrit', 'date': '15-06-2018'}, {'categ': 'Intermédiaire en opérations de banque et services de paiement ( Robert FISCHBACH )', 'sub_categ': ""Courtier d'assurance ou de réassurance (COA)"", 'type': 'Inscrit', 'date': '30-08-2019'}, {'categ': 'Intermédiaire en opérations de banque et services de paiement ( Robert FISCHBACH )', 'sub_categ': 'Conseiller en investissement financier (CIF)', 'type': 'Inscrit', 'date': '16-10-2015'}]";;;
18;J.ASSURANCES ET CONSEILS;J.ASSURANCES ET CONSEILS;PARIS;813464732;Activités des agents et courtiers d'assurances (6622Z);15005543;Personne morale;Société par Actions Simplifiée;123 Avenue Paul Vaillant COUTURIER;;94400 VITRY SUR SEINE;"[{'categ': 'Intermédiaire en opérations de banque et services de paiement ( Just ADEDZE )', 'sub_categ': 'Courtier en opérations de banque et en services de paiement (COBSP)', 'type': 'Inscrit', 'date': '14-12-2018'}, {'categ': 'Intermédiaire en opérations de banque et services de paiement ( Just ADEDZE )', 'sub_categ': ""Mandataire d'intermédiaire en opérations de banque et en services de paiement (MIOBSP)"", 'type': 'Supprimé', 'date': '11-01-2019'}, {'categ': 'Intermédiaire en opérations de banque et services de paiement ( Just ADEDZE )', 'sub_categ': ""Courtier d'assurance ou de réassurance (COA)"", 'type': 'Inscrit', 'date': '16-10-2015'}, {'categ': 'Intermédiaire en opérations de banque et services de paiement ( Just ADEDZE )', 'sub_categ': ""Mandataire d'intermédiaire d'assurance (MIA)"", 'type': 'Supprimé', 'date': '02-03-2018'}]";;;
19;ACTION BIKE;MOTO PLUS 31;TOULOUSE;481543197;Commerce et réparation de motocycles (4540Z);15005678;Personne morale;Société à Responsabilité Limitée;14 Chemin du Bois de Saget;Zone Artisanale le Clos du Bois;31240 Saint-Jean;"[{'categ': 'Intermédiaire en assurance', 'sub_categ': ""Mandataire d'intermédiaire d'assurance (MIA)"", 'type': 'Supprimé', 'date': '11-01-2019'}]";;;
20;;;ROUEN;817935760;Activités des agents et courtiers d'assurances (6622Z);15005689;Personne physique;Profession libérale et autre;PLACE FOCH;;76160 DARNETAL;"[{'categ': 'Intermédiaire en opérations de banque et services de paiement ( Edouard Lepicard )', 'sub_categ': 'Mandataire exclusif en opérations de banque et en services de paiement (MOBSPL)', 'type': 'Inscrit', 'date': '27-11-2015'}, {'categ': 'Intermédiaire en opérations de banque et services de paiement ( Edouard Lepicard )', 'sub_categ': ""Courtier d'assurance ou de réassurance (COA)"", 'type': 'Inscrit', 'date': '25-11-2016'}, {'categ': 'Intermédiaire en opérations de banque et services de paiement ( Edouard Lepicard )', 'sub_categ': ""Agent général d'assurance (AGA)"", 'type': 'Inscrit', 'date': '06-11-2015'}]";Lepicard;Edouard;
21;;;LA ROCHE SUR YON;818697443;Activités des agents et courtiers d'assurances (6622Z);15005693;Personne physique;Commerçant;64 RUE DU GENERAL DE GAULLE;;85120 La Châtaigneraie;"[{'categ': 'Intermédiaire en opérations de banque et services de paiement', 'sub_categ': 'Mandataire exclusif en opérations de banque et en services de paiement (MOBSPL)', 'type': 'Supprimé', 'date': '12-11-2019'}, {'categ': 'Intermédiaire en opérations de banque et services de paiement', 'sub_categ': ""Agent général d'assurance (AGA)"", 'type': 'Supprimé', 'date': '12-07-2019'}, {'categ': 'Intermédiaire en opérations de banque et services de paiement', 'sub_categ': ""Courtier d'assurance ou de réassurance (COA)"", 'type': 'Supprimé', 'date': '06-03-2020'}]";TALON;NATHALIE;
22;AGENCE FUNERAIRE MARBRERIE PROVENCALE;AFMP;MARSEILLE;752838755;Services funéraires (9603Z);15005692;Personne morale;Société à Responsabilité Limitée;9 Rue Roger Mathurin;;13010 Marseille 10e Arrondissement;"[{'categ': 'Intermédiaire en assurance ( Vincent TEXIER )', 'sub_categ': ""Mandataire d'intermédiaire d'assurance (MIA)"", 'type': 'Inscrit', 'date': '06-11-2015'}]";;;
23;NOVADVANCE;;PARIS;812489383;Activités des agents et courtiers d'assurances (6622Z);15005551;Personne morale;Société par Actions Simplifiée;11 RUE DE LOURMEL;;75015 Paris 15e Arrondissement;"[{'categ': 'Intermédiaire en opérations de banque et services de paiement', 'sub_categ': 'Courtier en opérations de banque et en services de paiement (COBSP)', 'type': 'Supprimé', 'date': '12-03-2021'}, {'categ': 'Intermédiaire en opérations de banque et services de paiement', 'sub_categ': ""Courtier d'assurance ou de réassurance (COA)"", 'type': 'Supprimé', 'date': '12-03-2021'}]";;;
24;;;TARBES;802889766;Services funéraires (9603Z);15005691;Personne physique;Commerçant;8 Rue de la Tour de l'Horloge;;65140 Rabastens-de-Bigorre;"[{'categ': 'Intermédiaire en assurance', 'sub_categ': ""Mandataire d'intermédiaire d'assurance (MIA)"", 'type': 'Supprimé', 'date': '12-03-2021'}]";LOUBET;Remy;
25;;;;504682402;Autres activités auxiliaires de services financiers, hors assurance et caisses de retraite, n.c.a. (6619B);15005550;Personne physique;Profession libérale et autre;16 ALLEE DES PRIMEVERES;APT 88 - RESIDENCE FAC 4 - STE CLOTILDE;97490 SAINT DENIS;"[{'categ': 'Intermédiaire en assurance', 'sub_categ': ""Mandataire d'intermédiaire d'assurance (MIA)"", 'type': 'Supprimé', 'date': '02-09-2016'}]";NIDA NIDA;Tonye Etienne Innocent;
26;;;;482958709;Autres intermédiaires du commerce en produits divers (4619B);15005690;Personne physique;Profession libérale et autre;8 ROUTE DE LA NOBLE;;19600 Larche;"[{'categ': 'Intermédiaire en assurance', 'sub_categ': ""Mandataire d'intermédiaire d'assurance (MIA)"", 'type': 'Supprimé', 'date': '03-03-2017'}]";AYMARD;Walter;
27;MANSARII;;BORDEAUX;813038742;Autres activités auxiliaires de services financiers, hors assurance et caisses de retraite, n.c.a. (6619B);15005549;Personne morale;Société à Responsabilité Limitée;4 Allee Joseph Wresinski;;33130 Bègles;"[{'categ': 'Intermédiaire en opérations de banque et services de paiement', 'sub_categ': ""Mandataire d'intermédiaire en opérations de banque et en services de paiement (MIOBSP)"", 'type': 'Supprimé', 'date': '02-03-2018'}]";;;
28;CREDITS CONSEILS SOLUTIONS;;CLERMONT FERRAND;812878734;Autres activités auxiliaires de services financiers, hors assurance et caisses de retraite, n.c.a. (6619B);15005688;Personne morale;Entreprise Unipersonnelle à responsabilité Limitée;4 Place de la Fontaine;Fonfreyde;63122 Saint-Genès-Champanelle;"[{'categ': 'Intermédiaire en opérations de banque et services de paiement', 'sub_categ': ""Mandataire d'intermédiaire en opérations de banque et en services de paiement (MIOBSP)"", 'type': 'Supprimé', 'date': '06-03-2020'}, {'categ': 'Intermédiaire en opérations de banque et services de paiement', 'sub_categ': 'Courtier en opérations de banque et en services de paiement (COBSP)', 'type': 'Supprimé', 'date': '06-03-2020'}]";;;
29;;;;808578843;Autres intermédiaires du commerce en produits divers (4619B);15005548;Personne physique;Commerçant;106 Rue de la Convention;;75015 Paris 15e Arrondissement;"[{'categ': 'Intermédiaire en assurance', 'sub_categ': ""Mandataire d'intermédiaire d'assurance (MIA)"", 'type': 'Supprimé', 'date': '03-03-2017'}]";CLARY;Olivier;
30;;;;444590038;Autres intermédiations monétaires (6419Z);15005687;Personne physique;Profession libérale et autre;20 Parc du Belloy;Allee le Notre;78600 Le Mesnil-le-Roi;"[{'categ': 'Intermédiaire en opérations de banque et services de paiement', 'sub_categ': ""Mandataire d'intermédiaire en opérations de banque et en services de paiement (MIOBSP)"", 'type': 'Supprimé', 'date': '15-04-2016'}]";VERSMISSEN;Aurelie;
31;GROUPE HUEBER ASSURANCES;GROUPE HUEBER ASSURANCES;TARBES;808945687;Activités des agents et courtiers d'assurances (6622Z);15006588;Personne morale;Société à Responsabilité Limitée;18 Rue Patrick Baudry;;65000 Tarbes;"[{'categ': 'Intermédiaire en assurance', 'sub_categ': ""Courtier d'assurance ou de réassurance (COA)"", 'type': 'Supprimé', 'date': '26-06-2020'}]";;;
32;;;;452831092;Autres activités auxiliaires de services financiers, hors assurance et caisses de retraite, n.c.a. (6619B);15005686;Personne physique;Profession libérale et autre;43bd de POLANGIS;BAT A1;94340 JOINVILLE LE PONT;"[{'categ': 'Intermédiaire en opérations de banque et services de paiement ( Stephanie BRUEL )', 'sub_categ': ""Mandataire d'intermédiaire en opérations de banque et en services de paiement (MIOBSP)"", 'type': 'Inscrit', 'date': '13-12-2019'}, {'categ': 'Intermédiaire en opérations de banque et services de paiement ( Stephanie BRUEL )', 'sub_categ': ""Mandataire d'intermédiaire d'assurance (MIA)"", 'type': 'Inscrit', 'date': '06-11-2020'}]";BRUEL;Stephanie;
33;;;;791047178;Autres intermédiaires du commerce en produits divers (4619B);15006086;Personne physique;Profession libérale et autre;Le mas;;87200 Saint-Junien;"[{'categ': 'Agent Lié de PSI ( )', 'sub_categ': 'Agent lié de PSI (ALPSI)', 'type': 'Inscrit', 'date': '31-08-2018'}, {'categ': 'Agent Lié de PSI ( )', 'sub_categ': ""Mandataire d'intermédiaire en opérations de banque et en services de paiement (MIOBSP)"", 'type': 'Inscrit', 'date': '12-03-2019'}, {'categ': 'Agent Lié de PSI ( )', 'sub_categ': 'Mandataire non exclusif en opérations de banque et en services de paiement (MOBSP)', 'type': 'Supprimé', 'date': '24-05-2019'}, {'categ': 'Agent Lié de PSI ( )', 'sub_categ': ""Mandataire d'intermédiaire d'assurance (MIA)"", 'type': 'Inscrit', 'date': '06-11-2015'}]";RESTOUX;Matthieu;
34;OXYLIO RHONE-ALPES;;VIENNE;801285404;Commerce de voitures et de véhicules automobiles légers (4511Z);16000521;Personne morale;Société par Actions Simplifiée;379 Rue du Lac;Zi le Verney;38300 Nivolas-Vermelle;"[{'categ': 'Intermédiaire en opérations de banque et services de paiement ( Cyril SINGER )', 'sub_categ': 'Mandataire non exclusif en opérations de banque et en services de paiement (MOBSP)', 'type': 'Inscrit', 'date': '08-07-2016'}, {'categ': 'Intermédiaire en opérations de banque et services de paiement ( Cyril SINGER )', 'sub_categ': ""Mandataire d'intermédiaire d'assurance (MIA)"", 'type': 'Inscrit', 'date': '19-02-2016'}]";;;
35;;;EPINAL;444616049;Activités des agents et courtiers d'assurances (6622Z);15005685;Personne physique;Profession libérale et autre;14 Rue Joseph Mengin;;88100 Saint-Dié-des-Vosges;"[{'categ': 'Intermédiaire en assurance', 'sub_categ': ""Mandataire d'assurance lié (MAL)"", 'type': 'Supprimé', 'date': '05-10-2018'}]";DUCHESNE;Stephanie;
36;ASCEN;;RENNES;807694187;Traitement de données, hébergement et activités connexes (6311Z);15005684;Personne morale;Société à Responsabilité Limitée;5 rue du Maréchal Joffre;;35000 Rennes;"[{'categ': 'Intermédiaire en assurance', 'sub_categ': ""Courtier d'assurance ou de réassurance (COA)"", 'type': 'Supprimé', 'date': '12-03-2019'}]";;;
37;ICR 54;;METZ;479044745;Agences immobilières (6831Z);16001224;Personne morale;Société à Responsabilité Limitée;Route de Briey;;57160 Châtel-Saint-Germain;"[{'categ': 'Intermédiaire en opérations de banque et services de paiement ( Benjamin RIZZON )', 'sub_categ': 'Mandataire non exclusif en opérations de banque et en services de paiement (MOBSP)', 'type': 'Inscrit', 'date': '08-09-2017'}, {'categ': 'Intermédiaire en opérations de banque et services de paiement ( Benjamin RIZZON )', 'sub_categ': ""Mandataire d'intermédiaire d'assurance (MIA)"", 'type': 'Inscrit', 'date': '04-03-2016'}]";;;
38;;;DIEPPE;815169123;Activités des agents et courtiers d'assurances (6622Z);15005683;Personne physique;Commerçant;4 RUE MAITRE HALLEY;;76760 YERVILLE;"[{'categ': 'Intermédiaire en opérations de banque et services de paiement ( AURELIE BOUCHET )', 'sub_categ': 'Mandataire exclusif en opérations de banque et en services de paiement (MOBSPL)', 'type': 'Inscrit', 'date': '27-11-2015'}, {'categ': 'Intermédiaire en opérations de banque et services de paiement ( AURELIE BOUCHET )', 'sub_categ': ""Courtier d'assurance ou de réassurance (COA)"", 'type': 'Inscrit', 'date': '04-11-2016'}, {'categ': 'Intermédiaire en opérations de banque et services de paiement ( AURELIE BOUCHET )', 'sub_categ': ""Agent général d'assurance (AGA)"", 'type': 'Inscrit', 'date': '06-11-2015'}]";BOUCHET;AURELIE;
39;DODINVEST;;PARIS;813487501;Activités des sociétés holding (6420Z);15005703;Personne morale;Société par Actions Simplifiée;4 Rue Gustave Courbet;;75116 Paris 16e Arrondissement;"[{'categ': 'Intermédiaire en assurance ( Stéphane DODIN )', 'sub_categ': ""Courtier d'assurance ou de réassurance (COA)"", 'type': 'Inscrit', 'date': '06-11-2015'}, {'categ': 'Intermédiaire en assurance ( Stéphane DODIN )', 'sub_categ': 'Conseiller en investissement financier (CIF)', 'type': 'Inscrit', 'date': '06-11-2015'}]";;;
40;SARL BBD ORLEANS;;;813718335;Activités des agents et courtiers d'assurances (6622Z);15005560;Personne morale;Société à Responsabilité Limitée;25 Rue Pean;;28200 CHARTRES;"[{'categ': 'Intermédiaire en assurance ( Emmanuel BREAN, David DOUSSAIN )', 'sub_categ': ""Agent général d'assurance (AGA)"", 'type': 'Inscrit', 'date': '16-10-2015'}]";;;
41;FLEXYCALL;;SAINT ETIENNE;519527881;Activités de centres d'appels (8220Z);15005741;Personne morale;Société à Responsabilité Limitée;22 Rue de la Mollanche;;42290 Sorbiers;"[{'categ': 'Intermédiaire en assurance', 'sub_categ': ""Courtier d'assurance ou de réassurance (COA)"", 'type': 'Supprimé', 'date': '02-03-2018'}]";;;
42;;;;812825495;Activités des agents et courtiers d'assurances (6622Z);15006175;Personne physique;Profession libérale et autre;604 Qua des Belles Portes;;14200 Hérouville-Saint-Clair;"[{'categ': 'Intermédiaire en assurance', 'sub_categ': ""Mandataire d'intermédiaire d'assurance (MIA)"", 'type': 'Supprimé', 'date': '17-02-2017'}]";BARRIERE;Geraldine;
43;;;ANGERS;815026851;Activités des agents et courtiers d'assurances (6622Z);15005702;Personne physique;Commerçant;132 RUE ST JACQUES;;49100 ANGERS;"[{'categ': 'Intermédiaire en opérations de banque et services de paiement ( NICOLAS COMPAGNON )', 'sub_categ': 'Mandataire exclusif en opérations de banque et en services de paiement (MOBSPL)', 'type': 'Inscrit', 'date': '27-11-2015'}, {'categ': 'Intermédiaire en opérations de banque et services de paiement ( NICOLAS COMPAGNON )', 'sub_categ': ""Agent général d'assurance (AGA)"", 'type': 'Inscrit', 'date': '06-11-2015'}, {'categ': 'Intermédiaire en opérations de banque et services de paiement ( NICOLAS COMPAGNON )', 'sub_categ': ""Courtier d'assurance ou de réassurance (COA)"", 'type': 'Inscrit', 'date': '15-04-2016'}]";COMPAGNON;NICOLAS;
44;FINANCIERE DE BERCY;Financière de Bercy;FREJUS;811436450;Agences immobilières (6831Z);15006589;Personne morale;Société par Actions Simplifiée;97 Boulevard du Colonel Dessert;RN7;83480 PUGET SUR ARGENS;"[{'categ': 'Intermédiaire en opérations de banque et services de paiement ( Pascal KORHEL )', 'sub_categ': 'Courtier en opérations de banque et en services de paiement (COBSP)', 'type': 'Inscrit', 'date': '18-12-2015'}, {'categ': 'Intermédiaire en opérations de banque et services de paiement ( Pascal KORHEL )', 'sub_categ': ""Courtier d'assurance ou de réassurance (COA)"", 'type': 'Inscrit', 'date': '18-12-2015'}, {'categ': 'Intermédiaire en opérations de banque et services de paiement ( Pascal KORHEL )', 'sub_categ': 'Conseiller en investissement financier (CIF)', 'type': 'Inscrit', 'date': '24-06-2016'}]";;;
45;MKS CONCEPT;;BORDEAUX;809519135;Commerce de détail de meubles (4759A);16001178;Personne morale;Société à Responsabilité Limitée;26 Avenue Gustave Eiffel;;33700 Mérignac;"[{'categ': 'Intermédiaire en opérations de banque et services de paiement', 'sub_categ': 'Mandataire non exclusif en opérations de banque et en services de paiement (MOBSP)', 'type': 'Supprimé', 'date': '12-03-2019'}, {'categ': 'Intermédiaire en opérations de banque et services de paiement', 'sub_categ': ""Mandataire d'intermédiaire d'assurance (MIA)"", 'type': 'Supprimé', 'date': '12-03-2019'}]";;;
46;;;BEAUVAIS;450906813;Autres activités auxiliaires de services financiers, hors assurance et caisses de retraite, n.c.a. (6619B);16003604;Personne physique;Commerçant;Chemin Saint-Corneille;Résidence Château Saint-Corneille;60410 Verberie;"[{'categ': 'Intermédiaire en opérations de banque et services de paiement', 'sub_categ': ""Mandataire d'intermédiaire en opérations de banque et en services de paiement (MIOBSP)"", 'type': 'Supprimé', 'date': '12-03-2021'}]";BERTRAND;CHRISTIAN;
47;SWISSLIFE AGENCE REGIONALE;;NANTERRE;789627494;Activités des sociétés holding (6420Z);15005557;Personne morale;Société par Actions Simplifiée;7 Rue Belgrand;;92300 Levallois-Perret;"[{'categ': 'Intermédiaire en assurance ( Eric LE BARON )', 'sub_categ': ""Agent général d'assurance (AGA)"", 'type': 'Inscrit', 'date': '16-10-2015'}]";;;
48;;;RENNES;817488042;Activités des agents et courtiers d'assurances (6622Z);15005701;Personne physique;Commerçant;32 rue POULLAIN DUPARC;BP 30449;35104 RENNES;"[{'categ': 'Intermédiaire en opérations de banque et services de paiement ( Gaëtan de LORGERIL )', 'sub_categ': 'Mandataire exclusif en opérations de banque et en services de paiement (MOBSPL)', 'type': 'Inscrit', 'date': '27-11-2015'}, {'categ': 'Intermédiaire en opérations de banque et services de paiement ( Gaëtan de LORGERIL )', 'sub_categ': ""Courtier d'assurance ou de réassurance (COA)"", 'type': 'Inscrit', 'date': '19-10-2018'}, {'categ': 'Intermédiaire en opérations de banque et services de paiement ( Gaëtan de LORGERIL )', 'sub_categ': ""Agent général d'assurance (AGA)"", 'type': 'Inscrit', 'date': '06-11-2015'}]";de LORGERIL;Gaëtan;
49;;;EVREUX;818072514;Activités des agents et courtiers d'assurances (6622Z);15005700;Personne physique;Commerçant;4 PLACE D EVREUX;;27200 VERNON;"[{'categ': 'Intermédiaire en opérations de banque et services de paiement ( NICOLAS GRAMMARE )', 'sub_categ': 'Mandataire exclusif en opérations de banque et en services de paiement (MOBSPL)', 'type': 'Inscrit', 'date': '27-11-2015'}, {'categ': 'Intermédiaire en opérations de banque et services de paiement ( NICOLAS GRAMMARE )', 'sub_categ': ""Agent général d'assurance (AGA)"", 'type': 'Inscrit', 'date': '06-11-2015'}, {'categ': 'Intermédiaire en opérations de banque et services de paiement ( NICOLAS GRAMMARE )', 'sub_categ': ""Courtier d'assurance ou de réassurance (COA)"", 'type': 'Inscrit', 'date': '02-06-2017'}]";GRAMMARE;NICOLAS;
50;HABITAT AMEUBLEMENT;;BORDEAUX;809406143;Commerce de détail de meubles (4759A);16000032;Personne morale;Société à Responsabilité Limitée;26 Avenue Gustave Eiffel;ZI du Phare;33700 Mérignac;"[{'categ': 'Intermédiaire en opérations de banque et services de paiement', 'sub_categ': 'Mandataire non exclusif en opérations de banque et en services de paiement (MOBSP)', 'type': 'Supprimé', 'date': '17-02-2017'}, {'categ': 'Intermédiaire en opérations de banque et services de paiement', 'sub_categ': ""Mandataire d'intermédiaire d'assurance (MIA)"", 'type': 'Supprimé', 'date': '17-02-2017'}]";;;
51;COURTISA FINANCE CONSEIL;;CHALON SUR SAONE;813785573;Autres activités auxiliaires de services financiers, hors assurance et caisses de retraite, n.c.a. (6619B);15005698;Personne morale;Société à Responsabilité Limitée;870 rue de Montadiot;;71640 MELLECEY;"[{'categ': 'Intermédiaire en opérations de banque et services de paiement ( Isabelle SAVALLI )', 'sub_categ': 'Courtier en opérations de banque et en services de paiement (COBSP)', 'type': 'Inscrit', 'date': '24-05-2019'}, {'categ': 'Intermédiaire en opérations de banque et services de paiement ( Isabelle SAVALLI )', 'sub_categ': ""Mandataire d'intermédiaire en opérations de banque et en services de paiement (MIOBSP)"", 'type': 'Supprimé', 'date': '06-03-2020'}, {'categ': 'Intermédiaire en opérations de banque et services de paiement ( Isabelle SAVALLI )', 'sub_categ': ""Courtier d'assurance ou de réassurance (COA)"", 'type': 'Inscrit', 'date': '10-05-2019'}, {'categ': 'Intermédiaire en opérations de banque et services de paiement ( Isabelle SAVALLI )', 'sub_categ': ""Mandataire d'intermédiaire d'assurance (MIA)"", 'type': 'Supprimé', 'date': '06-03-2020'}]";;;
52;;;TARBES;383104510;Activités des agents et courtiers d'assurances (6622Z);15005556;Personne physique;Commerçant;51 B Route de Tarbes;;65360 Momères;"[{'categ': 'Intermédiaire en assurance', 'sub_categ': ""Mandataire d'assurance lié (MAL)"", 'type': 'Supprimé', 'date': '07-06-2019'}]";DOMEGE;Chantal;
53;;;LE MANS;815091905;Activités des agents et courtiers d'assurances (6622Z);15005697;Personne physique;Commerçant;1 RUE DU GUICHET;;72120 SAINT CALAIS;"[{'categ': 'Intermédiaire en opérations de banque et services de paiement ( LUDIVINE THEROUIN )', 'sub_categ': 'Mandataire exclusif en opérations de banque et en services de paiement (MOBSPL)', 'type': 'Inscrit', 'date': '27-11-2015'}, {'categ': 'Intermédiaire en opérations de banque et services de paiement ( LUDIVINE THEROUIN )', 'sub_categ': ""Agent général d'assurance (AGA)"", 'type': 'Inscrit', 'date': '06-11-2015'}, {'categ': 'Intermédiaire en opérations de banque et services de paiement ( LUDIVINE THEROUIN )', 'sub_categ': ""Courtier d'assurance ou de réassurance (COA)"", 'type': 'Inscrit', 'date': '24-06-2016'}]";THEROUIN;LUDIVINE;
54;;;;751354903;Activités des agents et courtiers d'assurances (6622Z);15006174;Personne physique;Profession libérale et autre;7 Chemin Andre;;26800 Étoile-sur-Rhône;"[{'categ': 'Intermédiaire en assurance', 'sub_categ': ""Mandataire d'intermédiaire d'assurance (MIA)"", 'type': 'Supprimé', 'date': '20-10-2017'}]";NOHARET;Nicolas;
55;;;;813096997;Activités des agents et courtiers d'assurances (6622Z);15005696;Personne physique;Profession libérale et autre;75 Rue Sainte Catherine;;33000 Bordeaux;"[{'categ': 'Intermédiaire en assurance', 'sub_categ': ""Mandataire d'intermédiaire d'assurance (MIA)"", 'type': 'Supprimé', 'date': '13-05-2016'}]";NITHILA;Sabine;
56;;;;813706272;Autres intermédiaires du commerce en produits divers (4619B);15005555;Personne physique;Profession libérale et autre;27 C Grande Rue;;25170 Chaucenne;"[{'categ': 'Intermédiaire en assurance', 'sub_categ': ""Mandataire d'intermédiaire d'assurance (MIA)"", 'type': 'Supprimé', 'date': '03-03-2017'}]";CLOT;Sebastien;
57;;;;813012010;Activités des agents et courtiers d'assurances (6622Z);15005695;Personne physique;Profession libérale et autre;1 Rue Godron;;54000 Nancy;"[{'categ': 'Intermédiaire en assurance', 'sub_categ': ""Mandataire d'intermédiaire d'assurance (MIA)"", 'type': 'Supprimé', 'date': '27-01-2017'}]";SIMONIN;Charlotte;
58;;;;813059904;Activités des agents et courtiers d'assurances (6622Z);15005694;Personne physique;Profession libérale et autre;11 Rue de la France;;59112 Annœullin;"[{'categ': 'Intermédiaire en opérations de banque et services de paiement', 'sub_categ': ""Mandataire d'intermédiaire en opérations de banque et en services de paiement (MIOBSP)"", 'type': 'Supprimé', 'date': '20-03-2020'}, {'categ': 'Intermédiaire en opérations de banque et services de paiement', 'sub_categ': ""Mandataire d'intermédiaire d'assurance (MIA)"", 'type': 'Supprimé', 'date': '20-03-2020'}]";LEBLEU;Caroline;
59;;;CHAMBERY;813755626;Autres activités auxiliaires de services financiers, hors assurance et caisses de retraite, n.c.a. (6619B);15005552;Personne physique;Commerçant;Chemin de Pré Cartery;;73800 Porte de Savoie;"[{'categ': 'Intermédiaire en opérations de banque et services de paiement ( Eric LEFEBVRE )', 'sub_categ': ""Mandataire d'intermédiaire en opérations de banque et en services de paiement (MIOBSP)"", 'type': 'Inscrit', 'date': '16-10-2015'}]";LEFEBVRE;Eric;
60;;;MONTPELLIER;502044332;Activités des agents et courtiers d'assurances (6622Z);15005568;Personne physique;Commerçant;Impasse du Mas St Jacques;ZAC Frejorgues Ouest;34130 Mauguio;"[{'categ': 'Intermédiaire en assurance ( )', 'sub_categ': ""Mandataire d'assurance lié (MAL)"", 'type': 'Inscrit', 'date': '16-10-2015'}]";SAUVETERRE;Jean-Jacques;
61;LARCHEFIELD-NELLA-INSURANCE-FRANCE;LNIF/ ALERT ASSURANCE;BOBIGNY;811486265;Activités des agents et courtiers d'assurances (6622Z);16000386;Personne morale;Société par Actions Simplifiée;1 Rue de l'Union;;93120 La Courneuve;"[{'categ': 'Intermédiaire en assurance', 'sub_categ': ""Courtier d'assurance ou de réassurance (COA)"", 'type': 'Supprimé', 'date': '02-03-2018'}]";;;
62;CONSORTIUM STADE DE FRANCE;;BOBIGNY;399452564;Gestion d'installations sportives (9311Z);16000524;Personne morale;Société Anonyme;ZAC du Cornillon Nord;;93210 Saint-Denis La Plaine;"[{'categ': 'Intermédiaire en assurance ( JEAN-PIERRE BONNET )', 'sub_categ': ""Mandataire d'intermédiaire d'assurance (MIA)"", 'type': 'Inscrit', 'date': '12-03-2021'}]";;;
63;MICHOUX VEROT;;CLERMONT FERRAND;813715125;Activités de banque centrale (6411Z);15005750;Personne morale;Société par Actions Simplifiée;73 Boulevard Charcot;;63100 Clermont-Ferrand;"[{'categ': 'Intermédiaire en opérations de banque et services de paiement', 'sub_categ': ""Mandataire d'intermédiaire en opérations de banque et en services de paiement (MIOBSP)"", 'type': 'Supprimé', 'date': '16-10-2020'}, {'categ': 'Intermédiaire en opérations de banque et services de paiement', 'sub_categ': ""Mandataire d'intermédiaire d'assurance (MIA)"", 'type': 'Supprimé', 'date': '16-10-2020'}]";;;
64;;;;814200614;Activités des agents et courtiers d'assurances (6622Z);15005572;Personne physique;Profession libérale et autre;6 place de la fontaine;;11350 Tuchan;"[{'categ': 'Intermédiaire en opérations de banque et services de paiement', 'sub_categ': 'Mandataire exclusif en opérations de banque et en services de paiement (MOBSPL)', 'type': 'Supprimé', 'date': '14-12-2018'}, {'categ': 'Intermédiaire en opérations de banque et services de paiement', 'sub_categ': ""Agent général d'assurance (AGA)"", 'type': 'Supprimé', 'date': '25-01-2019'}]";RODRIGUEZ;LEONARD;
65;;;POITIERS;817517196;Activités des agents et courtiers d'assurances (6622Z);15005707;Personne physique;Commerçant;6 AVENUE DU PRESIDENT WILSON;;86100 CHATELLERAULT;"[{'categ': 'Intermédiaire en opérations de banque et services de paiement ( ANGELIQUE TOUZEAU )', 'sub_categ': 'Mandataire exclusif en opérations de banque et en services de paiement (MOBSPL)', 'type': 'Inscrit', 'date': '27-11-2015'}, {'categ': 'Intermédiaire en opérations de banque et services de paiement ( ANGELIQUE TOUZEAU )', 'sub_categ': ""Agent général d'assurance (AGA)"", 'type': 'Inscrit', 'date': '06-11-2015'}, {'categ': 'Intermédiaire en opérations de banque et services de paiement ( ANGELIQUE TOUZEAU )', 'sub_categ': ""Courtier d'assurance ou de réassurance (COA)"", 'type': 'Inscrit', 'date': '08-07-2016'}]";TOUZEAU;ANGELIQUE;
66;;;RENNES;795364215;Autres activités auxiliaires de services financiers, hors assurance et caisses de retraite, n.c.a. (6619B);15005581;Personne physique;Profession libérale et autre;4 square de verdun;;35310 Bréal-sous-Montfort;"[{'categ': 'Intermédiaire en opérations de banque et services de paiement', 'sub_categ': ""Mandataire d'intermédiaire en opérations de banque et en services de paiement (MIOBSP)"", 'type': 'Supprimé', 'date': '02-09-2016'}]";LEMERAY;Emilie;
67;;;PERIGUEUX;452865306;Activités des agents et courtiers d'assurances (6622Z);15005569;Personne physique;Commerçant;49 rue du 26 mars 1949;;24600 RIBERAC;"[{'categ': 'Intermédiaire en opérations de banque et services de paiement ( Michel GRAVIERE )', 'sub_categ': ""Mandataire d'intermédiaire en opérations de banque et en services de paiement (MIOBSP)"", 'type': 'Inscrit', 'date': '16-10-2015'}, {'categ': 'Intermédiaire en opérations de banque et services de paiement ( Michel GRAVIERE )', 'sub_categ': ""Agent général d'assurance (AGA)"", 'type': 'Inscrit', 'date': '16-10-2015'}, {'categ': 'Intermédiaire en opérations de banque et services de paiement ( Michel GRAVIERE )', 'sub_categ': ""Courtier d'assurance ou de réassurance (COA)"", 'type': 'Inscrit', 'date': '15-04-2016'}]";GRAVIERE;Michel;
68;CONSEIL EN ASSURANCES DE PERSONNES ET PATRIMOINE;CA2P;TOULOUSE;813367349;Activités des agents et courtiers d'assurances (6622Z);15005570;Personne morale;Société à Responsabilité Limitée;2 RPt des Oliviers;;31470 Fonsorbes;"[{'categ': 'Intermédiaire en assurance', 'sub_categ': ""Courtier d'assurance ou de réassurance (COA)"", 'type': 'Supprimé', 'date': '02-03-2018'}]";;;
69;SAS CHLOE MENANTEAU;BRC - CHLOE MENANTEAU;PERIGUEUX;813464484;Autres activités auxiliaires de services financiers, hors assurance et caisses de retraite, n.c.a. (6619B);15005567;Personne morale;Société par Actions Simplifiée;14 Rue du President Wilson;;24000 Périgueux;"[{'categ': 'Intermédiaire en opérations de banque et services de paiement', 'sub_categ': ""Mandataire d'intermédiaire en opérations de banque et en services de paiement (MIOBSP)"", 'type': 'Supprimé', 'date': '02-03-2018'}]";;;
70;;;MONTPELLIER;813567237;Autre distribution de crédit (6492Z);15005704;Personne physique;Profession libérale et autre;416 Rue du Carrosse;;34980 Saint-Gély-du-Fesc;"[{'categ': 'Intermédiaire en opérations de banque et services de paiement ( Alexandre CHEVASSUS )', 'sub_categ': 'Courtier en opérations de banque et en services de paiement (COBSP)', 'type': 'Inscrit', 'date': '06-11-2015'}, {'categ': 'Intermédiaire en opérations de banque et services de paiement ( Alexandre CHEVASSUS )', 'sub_categ': ""Courtier d'assurance ou de réassurance (COA)"", 'type': 'Inscrit', 'date': '19-02-2016'}]";CHEVASSUS;Alexandre;
71;;;LAVAL;802788844;Autres intermédiaires du commerce en produits divers (4619B);16001513;Personne physique;Commerçant;Le Moulin;;53370 Saint-Pierre-des-Nids;"[{'categ': 'Agent Lié de PSI', 'sub_categ': 'Agent lié de PSI (ALPSI)', 'type': 'Supprimé', 'date': '20-03-2020'}, {'categ': 'Agent Lié de PSI', 'sub_categ': 'Mandataire non exclusif en opérations de banque et en services de paiement (MOBSP)', 'type': 'Supprimé', 'date': '24-05-2019'}, {'categ': 'Agent Lié de PSI', 'sub_categ': ""Mandataire d'intermédiaire en opérations de banque et en services de paiement (MIOBSP)"", 'type': 'Supprimé', 'date': '05-06-2020'}, {'categ': 'Agent Lié de PSI', 'sub_categ': ""Mandataire d'intermédiaire d'assurance (MIA)"", 'type': 'Supprimé', 'date': '29-01-2021'}]";BRON;Sebastien;
72;;;;815136254;Activités des agents et courtiers d'assurances (6622Z);15005706;Personne physique;Profession libérale et autre;22 rue de la halle au blé;;76202 Dieppe;"[{'categ': 'Intermédiaire en opérations de banque et services de paiement', 'sub_categ': 'Mandataire exclusif en opérations de banque et en services de paiement (MOBSPL)', 'type': 'Supprimé', 'date': '29-01-2021'}, {'categ': 'Intermédiaire en opérations de banque et services de paiement', 'sub_categ': ""Agent général d'assurance (AGA)"", 'type': 'Supprimé', 'date': '29-01-2021'}]";BENOIST;Benjamin;
73;;;DOUAI;811697135;Autres activités auxiliaires de services financiers, hors assurance et caisses de retraite, n.c.a. (6619B);16003141;Personne physique;Commerçant;2891 Route De Tournai;;59500 DOUAI;"[{'categ': 'Intermédiaire en opérations de banque et services de paiement', 'sub_categ': ""Mandataire d'intermédiaire en opérations de banque et en services de paiement (MIOBSP)"", 'type': 'Supprimé', 'date': '12-03-2021'}]";HURET;Benoit;
74;;;;813659505;Activités des agents et courtiers d'assurances (6622Z);15005563;Personne physique;Profession libérale et autre;300 Rue de l'Ambassadeur;;95610 Éragny;"[{'categ': 'Intermédiaire en assurance', 'sub_categ': ""Mandataire d'intermédiaire d'assurance (MIA)"", 'type': 'Supprimé', 'date': '17-02-2017'}]";WELTY;Nathalie;
75;ANTEPRIMA ASSURANCES;ANTEPRIMA ASSURANCES;MONTPELLIER;813476504;Activités des agents et courtiers d'assurances (6622Z);15005562;Personne morale;Société par Actions Simplifiée;4 bis rue GEORGES BARNOYER;place de la mairie;34470 Pérols;"[{'categ': 'Intermédiaire en assurance ( Michael TESTART )', 'sub_categ': ""Courtier d'assurance ou de réassurance (COA)"", 'type': 'Inscrit', 'date': '16-10-2015'}]";;;
76;ACTIV INVEST;;LYON;813680873;Agences immobilières (6831Z);15005564;Personne morale;Société à Responsabilité Limitée;33 avenue du Dr Georges Lévy;Parc d'Affaire Moulin à Vent - Bat 42;69200 VENISSIEUX;"[{'categ': 'Agent Lié de PSI', 'sub_categ': 'Agent lié de PSI (ALPSI)', 'type': 'Supprimé', 'date': '02-02-2018'}, {'categ': 'Agent Lié de PSI', 'sub_categ': 'Courtier en opérations de banque et en services de paiement (COBSP)', 'type': 'Inscrit', 'date': '29-01-2016'}, {'categ': 'Agent Lié de PSI', 'sub_categ': ""Courtier d'assurance ou de réassurance (COA)"", 'type': 'Inscrit', 'date': '02-02-2018'}, {'categ': 'Agent Lié de PSI', 'sub_categ': ""Mandataire d'intermédiaire d'assurance (MIA)"", 'type': 'Inscrit', 'date': '13-12-2019'}, {'categ': 'Agent Lié de PSI', 'sub_categ': 'Conseiller en investissement financier (CIF)', 'type': 'Inscrit', 'date': '02-02-2018'}]";;;
77;;;;813637758;Autres intermédiations monétaires (6419Z);15005561;Personne physique;Profession libérale et autre;522 Chemin Grand Canal;;97440 SAINT ANDRE;"[{'categ': 'Intermédiaire en opérations de banque et services de paiement', 'sub_categ': ""Mandataire d'intermédiaire en opérations de banque et en services de paiement (MIOBSP)"", 'type': 'Supprimé', 'date': '12-03-2021'}, {'categ': 'Intermédiaire en opérations de banque et services de paiement', 'sub_categ': ""Mandataire d'intermédiaire d'assurance (MIA)"", 'type': 'Supprimé', 'date': '12-03-2021'}]";PAYET;Fabrice;
78;LINEAS;;NICE;512808858;Activités des agents et courtiers d'assurances (6622Z);15006590;Personne morale;Société à Responsabilité Limitée;16 Avenue Thiers;;06000 Nice;"[{'categ': 'Intermédiaire en assurance', 'sub_categ': ""Courtier d'assurance ou de réassurance (COA)"", 'type': 'Supprimé', 'date': '02-03-2018'}]";;;
79;PLS COURTAGE;;GRASSE;813599495;Activités des agents et courtiers d'assurances (6622Z);15005565;Personne morale;Société à Responsabilité Limitée;381 Avenue du Rhin et Danube;;06140 Vence;"[{'categ': 'Intermédiaire en assurance ( Thomas PIERRAT )', 'sub_categ': ""Courtier d'assurance ou de réassurance (COA)"", 'type': 'Inscrit', 'date': '23-03-2018'}]";;;
80;;;MONTLUCON;504601733;Activités des agents et courtiers d'assurances (6622Z);15005574;Personne physique;Profession libérale et autre;4 Rue Berthelot;;03100 Montluçon;"[{'categ': 'Intermédiaire en assurance', 'sub_categ': ""Mandataire d'intermédiaire d'assurance (MIA)"", 'type': 'Supprimé', 'date': '02-03-2018'}]";VAN PRAET;Jerome;
81;CAE CONSEIL;;MARSEILLE;811903947;Autres intermédiations monétaires (6419Z);15005587;Personne morale;Société à Responsabilité Limitée;821 Chemin du Marseillais;Lascours;13360 Roquevaire;"[{'categ': 'Intermédiaire en opérations de banque et services de paiement ( Christophe ALAIN )', 'sub_categ': ""Mandataire d'intermédiaire en opérations de banque et en services de paiement (MIOBSP)"", 'type': 'Inscrit', 'date': '16-10-2015'}, {'categ': 'Intermédiaire en opérations de banque et services de paiement ( Christophe ALAIN )', 'sub_categ': ""Mandataire d'intermédiaire d'assurance (MIA)"", 'type': 'Inscrit', 'date': '16-10-2015'}]";;;
82;BANKABLE;;NIMES;812846285;Autres activités auxiliaires de services financiers, hors assurance et caisses de retraite, n.c.a. (6619B);15005586;Personne morale;Société à Responsabilité Limitée;27 Rue Emilien Ronzas;;30900 Nîmes;"[{'categ': 'Intermédiaire en opérations de banque et services de paiement', 'sub_categ': ""Mandataire d'intermédiaire en opérations de banque et en services de paiement (MIOBSP)"", 'type': 'Supprimé', 'date': '14-12-2018'}, {'categ': 'Intermédiaire en opérations de banque et services de paiement', 'sub_categ': ""Mandataire d'intermédiaire d'assurance (MIA)"", 'type': 'Supprimé', 'date': '14-12-2018'}]";;;
83;;;PAU;814803912;Activités des agents et courtiers d'assurances (6622Z);15005719;Personne physique;Commerçant;7 AVENUE CHARLES DE GAULLE;RESIDENCE DE FRANCE;64000 Pau;"[{'categ': 'Intermédiaire en opérations de banque et services de paiement ( GERARD NARBEY )', 'sub_categ': 'Mandataire exclusif en opérations de banque et en services de paiement (MOBSPL)', 'type': 'Inscrit', 'date': '18-12-2015'}, {'categ': 'Intermédiaire en opérations de banque et services de paiement ( GERARD NARBEY )', 'sub_categ': ""Courtier d'assurance ou de réassurance (COA)"", 'type': 'Supprimé', 'date': '12-03-2021'}, {'categ': 'Intermédiaire en opérations de banque et services de paiement ( GERARD NARBEY )', 'sub_categ': ""Agent général d'assurance (AGA)"", 'type': 'Inscrit', 'date': '06-11-2015'}]";NARBEY;GERARD;
84;;;;813190006;Autres assurances (6512Z);15005718;Personne physique;Profession libérale et autre;1 Place des Berceaux;;59137 Busigny;"[{'categ': 'Intermédiaire en assurance', 'sub_categ': ""Mandataire d'intermédiaire d'assurance (MIA)"", 'type': 'Supprimé', 'date': '10-05-2019'}]";COLPAERT;Estelle;
85;FEDERATION MUSICALE DU LIMOUSIN;FML;;433618956;Arts du spectacle vivant (9001Z);15006178;Personne morale;Groupement de droit privé;42 Rue de Chateauroux;;87100 Limoges;"[{'categ': 'Intermédiaire en assurance ( CLAUDE BERTRAND )', 'sub_categ': ""Mandataire d'intermédiaire d'assurance (MIA)"", 'type': 'Inscrit', 'date': '27-11-2015'}]";;;
86;STMC;;BORDEAUX;812806289;Autres activités auxiliaires de services financiers, hors assurance et caisses de retraite, n.c.a. (6619B);15006329;Personne morale;Société par Actions Simplifiée;334 Rue Pasteur;;33200 Bordeaux;"[{'categ': 'Intermédiaire en opérations de banque et services de paiement', 'sub_categ': ""Mandataire d'intermédiaire en opérations de banque et en services de paiement (MIOBSP)"", 'type': 'Supprimé', 'date': '03-03-2017'}]";;;
87;A PLUS INTERNATIONAL HEALTHCARE;;PARIS;813619319;Activités des agents et courtiers d'assurances (6622Z);15005576;Personne morale;Société par Actions Simplifiée;43 avenue Charles Floquet;;75007 Paris 7e Arrondissement;"[{'categ': 'Intermédiaire en assurance ( Patrick AUBERT )', 'sub_categ': ""Courtier d'assurance ou de réassurance (COA)"", 'type': 'Inscrit', 'date': '16-10-2015'}]";;;
88;NICOLAS LAGOUGE;;VESOUL;813814910;Activités des agents et courtiers d'assurances (6622Z);15005717;Personne morale;Société par Actions Simplifiée;5 B Rue du Moulin;;70190 Voray-sur-l'Ognon;"[{'categ': 'Intermédiaire en assurance', 'sub_categ': ""Mandataire d'intermédiaire d'assurance (MIA)"", 'type': 'Supprimé', 'date': '21-02-2020'}]";;;
89;;;LYON;814554374;Activités des agents et courtiers d'assurances (6622Z);15005715;Personne physique;Commerçant;5 PLACE MATHIEU JABOULAY;;69230 Saint-Genis-Laval;"[{'categ': 'Intermédiaire en assurance ( Arnaud WILD )', 'sub_categ': ""Agent général d'assurance (AGA)"", 'type': 'Inscrit', 'date': '06-11-2015'}, {'categ': 'Intermédiaire en assurance ( Arnaud WILD )', 'sub_categ': ""Courtier d'assurance ou de réassurance (COA)"", 'type': 'Inscrit', 'date': '12-10-2016'}, {'categ': 'Intermédiaire en assurance ( Arnaud WILD )', 'sub_categ': ""Mandataire d'intermédiaire d'assurance (MIA)"", 'type': 'Inscrit', 'date': '02-09-2016'}]";WILD;Arnaud;
90;MBM IMMOBILIER;LOCAGESTION;TOULOUSE;404821373;Agences immobilières (6831Z);15005714;Personne morale;Société à Responsabilité Limitée;40 Route d'Albi;;31200 Toulouse;"[{'categ': 'Intermédiaire en assurance ( François MOERLEN )', 'sub_categ': ""Mandataire d'intermédiaire d'assurance (MIA)"", 'type': 'Inscrit', 'date': '06-11-2015'}]";;;
91;;;AUCH;813892619;Autres intermédiations monétaires (6419Z);15005711;Personne physique;Commerçant;lieu dit la payre;;32130 Auch;"[{'categ': 'Intermédiaire en opérations de banque et services de paiement ( ANNICK VERDALLE )', 'sub_categ': ""Mandataire d'intermédiaire en opérations de banque et en services de paiement (MIOBSP)"", 'type': 'Inscrit', 'date': '14-12-2018'}, {'categ': 'Intermédiaire en opérations de banque et services de paiement ( ANNICK VERDALLE )', 'sub_categ': ""Courtier d'assurance ou de réassurance (COA)"", 'type': 'Supprimé', 'date': '04-03-2016'}, {'categ': 'Intermédiaire en opérations de banque et services de paiement ( ANNICK VERDALLE )', 'sub_categ': ""Mandataire d'intermédiaire d'assurance (MIA)"", 'type': 'Inscrit', 'date': '11-01-2019'}]";VERDALLE;ANNICK;
92;;;;810704486;Agences immobilières (6831Z);15005710;Personne physique;Profession libérale et autre;63 Chemin des Ratiauds;;38134 Saint-Julien-de-Ratz;[{'categ': 'Intermédiaire en opérations de banque et services de paiement', 'sub_categ': 'Mandataire non exclusif en opérations de banque et en services de paiement (MOBSP)', 'type': 'Supprimé', 'date': '12-01-2018'}];BARRAL;Claire;
93;;;;815222948;Activités des agents et courtiers d'assurances (6622Z);15005713;Personne physique;Profession libérale et autre;5 AVENUE MARECHAL DE TASSIGNY;;82200 Moissac;"[{'categ': 'Intermédiaire en opérations de banque et services de paiement ( GAELLE HOORELBEKE )', 'sub_categ': 'Mandataire exclusif en opérations de banque et en services de paiement (MOBSPL)', 'type': 'Inscrit', 'date': '18-12-2015'}, {'categ': 'Intermédiaire en opérations de banque et services de paiement ( GAELLE HOORELBEKE )', 'sub_categ': ""Agent général d'assurance (AGA)"", 'type': 'Inscrit', 'date': '06-11-2015'}]";HOORELBEKE;GAELLE;
94;ALLIANCE ET AUTONOMIE FINANCIERE;;TOULOUSE;813839750;Autres intermédiations monétaires (6419Z);15005720;Personne morale;Société par Actions Simplifiée;2 Cap de la Coste;;31420 Saint-André;"[{'categ': 'Intermédiaire en opérations de banque et services de paiement', 'sub_categ': ""Mandataire d'intermédiaire en opérations de banque et en services de paiement (MIOBSP)"", 'type': 'Supprimé', 'date': '06-03-2020'}]";;;
95;VINON IMMOBILIER;VINON IMMOBILIER;DRAGUIGNAN;808570212;Agences immobilières (6831Z);15005579;Personne morale;Société à Responsabilité Limitée;20 Avenue de la Paludette;;83560 Vinon-sur-Verdon;"[{'categ': 'Intermédiaire en assurance ( Florian JOURDAN )', 'sub_categ': ""Mandataire d'intermédiaire d'assurance (MIA)"", 'type': 'Inscrit', 'date': '16-10-2015'}]";;;
96;LUZ PATRIMOINE;;MONTAUBAN;813845328;Autres activités auxiliaires de services financiers, hors assurance et caisses de retraite, n.c.a. (6619B);15005575;Personne morale;Société par Actions Simplifiée;402 Chemin Chemin du Loup;;82370 Corbarieu;"[{'categ': 'Intermédiaire en opérations de banque et services de paiement ( Pascale ZANIN )', 'sub_categ': 'Courtier en opérations de banque et en services de paiement (COBSP)', 'type': 'Inscrit', 'date': '16-10-2015'}, {'categ': 'Intermédiaire en opérations de banque et services de paiement ( Pascale ZANIN )', 'sub_categ': ""Mandataire d'intermédiaire d'assurance (MIA)"", 'type': 'Inscrit', 'date': '25-11-2016'}, {'categ': 'Intermédiaire en opérations de banque et services de paiement ( Pascale ZANIN )', 'sub_categ': ""Courtier d'assurance ou de réassurance (COA)"", 'type': 'Supprimé', 'date': '17-02-2017'}, {'categ': 'Intermédiaire en opérations de banque et services de paiement ( Pascale ZANIN )', 'sub_categ': 'Conseiller en investissement financier (CIF)', 'type': 'Inscrit', 'date': '19-02-2016'}]";;;
97;MON CHEZ MOI;MON CHEZ MOI;ANGOULEME;813601507;Agences immobilières (6831Z);16002042;Personne morale;Société à Responsabilité Limitée;2 Impasse du Muguet;;16160 Gond-Pontouvre;[{'categ': 'Intermédiaire en opérations de banque et services de paiement', 'sub_categ': 'Mandataire non exclusif en opérations de banque et en services de paiement (MOBSP)', 'type': 'Supprimé', 'date': '12-03-2019'}];;;
98;;;;813801313;Autre distribution de crédit (6492Z);15005709;Personne physique;Profession libérale et autre;46 T Avenue du Marechal Joffre;;33700 Mérignac;"[{'categ': 'Intermédiaire en opérations de banque et services de paiement', 'sub_categ': ""Mandataire d'intermédiaire en opérations de banque et en services de paiement (MIOBSP)"", 'type': 'Supprimé', 'date': '27-01-2017'}]";BROTONS;Christophe;
99;A.P.C;;EVREUX;813538808;Activités des agents et courtiers d'assurances (6622Z);15005708;Personne morale;Société à Responsabilité Limitée;Rue du Pilori;;27400 Louviers;"[{'categ': 'Intermédiaire en assurance', 'sub_categ': ""Mandataire d'intermédiaire d'assurance (MIA)"", 'type': 'Supprimé', 'date': '15-02-2019'}]";;;
